Restaurant,Link
D’ La Santa,https://www.yelp.com/biz/d-la-santa-seattle?frvs=True&osq=Restaurants
Asadero Ballard,https://www.yelp.com/biz/asadero-ballard-seattle?frvs=True&osq=Restaurants
Tacos Chukis,https://www.yelp.com/biz/tacos-chukis-seattle?osq=Restaurants
Fogón Cocina Mexicana,https://www.yelp.com/biz/fog%C3%B3n-cocina-mexicana-seattle-2?osq=Restaurants
Fonda La Catrina,https://www.yelp.com/biz/fonda-la-catrina-seattle?osq=Restaurants
Cactus Restaurants,https://www.yelp.com/biz/cactus-restaurants-seattle-2?osq=Restaurants
La Carta de Oaxaca,https://www.yelp.com/biz/la-carta-de-oaxaca-seattle?frvs=True&osq=Restaurants
The Station,https://www.yelp.com/biz/the-station-seattle-3?osq=Restaurants
Casco Antiguo,https://www.yelp.com/biz/casco-antiguo-seattle?frvs=True&osq=Restaurants
Citizen Six,https://www.yelp.com/biz/citizen-six-seattle?frvs=True&osq=Restaurants
Tropicos Breeze,https://www.yelp.com/biz/tropicos-breeze-seattle?osq=Restaurants
Mezcaleria Oaxaca,https://www.yelp.com/biz/mezcaleria-oaxaca-seattle?osq=Restaurants
Villa Escondida,https://www.yelp.com/biz/villa-escondida-seattle-3?osq=Restaurants
Copal,https://www.yelp.com/biz/copal-seattle?osq=Restaurants
Luna Azul,https://www.yelp.com/biz/luna-azul-seattle?osq=Restaurants
Taqueria Cantina,https://www.yelp.com/biz/taqueria-cantina-seattle?osq=Restaurants
Carnitas Michoacan,https://www.yelp.com/biz/carnitas-michoacan-seattle-2?osq=Restaurants
El Camión,https://www.yelp.com/biz/el-cami%C3%B3n-seattle-6?osq=Restaurants
El Borracho,https://www.yelp.com/biz/el-borracho-seattle?osq=Restaurants
Casa Patrón,https://www.yelp.com/biz/casa-patr%C3%B3n-seattle-3?osq=Restaurants
Blue Water Taco Grill,https://www.yelp.com/biz/blue-water-taco-grill-seattle-7?osq=Restaurants
Tacos El Asadero,https://www.yelp.com/biz/tacos-el-asadero-seattle-2?osq=Restaurants
El Quetzal,https://www.yelp.com/biz/el-quetzal-seattle?osq=Restaurants
Tiko Riko,https://www.yelp.com/biz/tiko-riko-seattle?osq=Restaurants
Cafetal Quilombo,https://www.yelp.com/biz/cafetal-quilombo-seattle?osq=Restaurants
La Antigua Casa Maria,https://www.yelp.com/biz/la-antigua-casa-maria-seattle?osq=Restaurants
La Cocina Oaxaquena,https://www.yelp.com/biz/la-cocina-oaxaquena-seattle?osq=Restaurants
Gordito’s Healthy Mexican Food,https://www.yelp.com/biz/gorditos-healthy-mexican-food-seattle-3?osq=Restaurants
Baja Bistro,https://www.yelp.com/biz/baja-bistro-seattle?osq=Restaurants
Guanaco’s Tacos Pupuseria,https://www.yelp.com/biz/guanacos-tacos-pupuseria-seattle?osq=Restaurants
El Sirenito,https://www.yelp.com/biz/el-sirenito-seattle?osq=Restaurants
Loxicha Authentic Oaxaca Cuisine,https://www.yelp.com/biz/loxicha-authentic-oaxaca-cuisine-seattle?osq=Restaurants
Plaza Garibaldi,https://www.yelp.com/biz/plaza-garibaldi-seattle?osq=Restaurants
Peso’s Kitchen & Lounge,https://www.yelp.com/biz/pesos-kitchen-and-lounge-seattle?osq=Restaurants
El Ranchon,https://www.yelp.com/biz/el-ranchon-seattle-2?osq=Restaurants
Rosita’s Mexican Grill,https://www.yelp.com/biz/rositas-mexican-grill-seattle?osq=Restaurants
Gracia,https://www.yelp.com/biz/gracia-seattle?osq=Restaurants
Red Star Taco Bar,https://www.yelp.com/biz/red-star-taco-bar-seattle?osq=Restaurants
El Legendario Mexican Restaurant,https://www.yelp.com/biz/el-legendario-mexican-restaurant-seattle?osq=Restaurants
El Grito Taqueria,https://www.yelp.com/biz/el-grito-taqueria-seattle?osq=Restaurants
Taco Street,https://www.yelp.com/biz/taco-street-seattle?osq=Restaurants
Senor Moose Cafe,https://www.yelp.com/biz/senor-moose-cafe-seattle-3?osq=Restaurants
Pecado Bueno,https://www.yelp.com/biz/pecado-bueno-seattle-6?osq=Restaurants
The Saint,https://www.yelp.com/biz/the-saint-seattle?osq=Restaurants
Taqueria La Fondita #2,https://www.yelp.com/biz/taqueria-la-fondita-2-seattle?osq=Restaurants
El Chupacabra,https://www.yelp.com/biz/el-chupacabra-seattle?osq=Restaurants
El Chito,https://www.yelp.com/biz/el-chito-seattle?osq=Restaurants
Taqueria Sotelo,https://www.yelp.com/biz/taqueria-sotelo-seattle?osq=Restaurants
Neon Taco,https://www.yelp.com/biz/neon-taco-seattle?osq=Restaurants
Taqueria La Original,https://www.yelp.com/biz/taqueria-la-original-seattle?osq=Restaurants
Pablo y Pablo,https://www.yelp.com/biz/pablo-y-pablo-seattle?osq=Restaurants
Taqueria La Pasadita,https://www.yelp.com/biz/taqueria-la-pasadita-seattle-3?osq=Restaurants
TNT Taqueria,https://www.yelp.com/biz/tnt-taqueria-seattle?osq=Restaurants
Taquería Tequila Authentic Mexican Food,https://www.yelp.com/biz/taquer%C3%ADa-tequila-authentic-mexican-food-seattle-2?osq=Restaurants
Rancho Bravo Tacos,https://www.yelp.com/biz/rancho-bravo-tacos-seattle-5?osq=Restaurants
Barrio Mexican Kitchen & Bar,https://www.yelp.com/biz/barrio-mexican-kitchen-and-bar-seattle?osq=Restaurants
Mission Cantina,https://www.yelp.com/biz/mission-cantina-seattle?osq=Restaurants
Chavez,https://www.yelp.com/biz/chavez-seattle?osq=Restaurants
Outlaw Tamales,https://www.yelp.com/biz/outlaw-tamales-seattle?osq=Restaurants
Little Water Cantina,https://www.yelp.com/biz/little-water-cantina-seattle?osq=Restaurants
Poquitos,https://www.yelp.com/biz/poquitos-seattle?osq=Restaurants
Grumpy’s Food Truck,https://www.yelp.com/biz/grumpys-food-truck-seattle?osq=Restaurants
Lorena’s Kitchen,https://www.yelp.com/biz/lorenas-kitchen-seattle?osq=Restaurants
Tortas Condesa,https://www.yelp.com/biz/tortas-condesa-seattle?osq=Restaurants
Cantina Leña,https://www.yelp.com/biz/cantina-le%C3%B1a-seattle?osq=Restaurants
418 Public House,https://www.yelp.com/biz/418-public-house-seattle?osq=Restaurants
Tu Cantinas,https://www.yelp.com/biz/tu-cantinas-seattle-2?osq=Restaurants
Baja Tacos & Beer Mexican Restaurant,https://www.yelp.com/biz/baja-tacos-and-beer-mexican-restaurant-seattle?osq=Restaurants
El Camion,https://www.yelp.com/biz/el-camion-seattle-9?osq=Restaurants
The Yard Cafe,https://www.yelp.com/biz/the-yard-cafe-seattle?osq=Restaurants
Sexy Alley Puffy Tacos,https://www.yelp.com/biz/sexy-alley-puffy-tacos-seattle?osq=Restaurants
Cocina Esperanza,https://www.yelp.com/biz/cocina-esperanza-seattle?osq=Restaurants
Summit Public House,https://www.yelp.com/biz/summit-public-house-seattle?osq=Restaurants
Los Agaves at Pike Place & Catering,https://www.yelp.com/biz/los-agaves-at-pike-place-and-catering-seattle-2?osq=Restaurants
El Sombrero Family Mexican Restaurant,https://www.yelp.com/biz/el-sombrero-family-mexican-restaurant-seattle?osq=Restaurants
Que Tacos,https://www.yelp.com/biz/que-tacos-seattle?osq=Restaurants
The Matador,https://www.yelp.com/biz/the-matador-seattle-3?osq=Restaurants
Agave Cocina and Tequilas,https://www.yelp.com/biz/agave-cocina-and-tequilas-seattle-2?osq=Restaurants
El Naranjo,https://www.yelp.com/biz/el-naranjo-seattle?osq=Restaurants
Mariscos Mexico,https://www.yelp.com/biz/mariscos-mexico-seattle?osq=Restaurants
El Camino,https://www.yelp.com/biz/el-camino-seattle?osq=Restaurants
Mendoza’s Mexican Mercado,https://www.yelp.com/biz/mendozas-mexican-mercado-seattle?osq=Restaurants
Taco Gol,https://www.yelp.com/biz/taco-gol-seattle?osq=Restaurants
Monarca Express,https://www.yelp.com/biz/monarca-express-seattle?osq=Restaurants
Asadero Sinaloa,https://www.yelp.com/biz/asadero-sinaloa-kent?osq=Restaurants
Three Keys Street Cuisine,https://www.yelp.com/biz/three-keys-street-cuisine-seattle?osq=Restaurants
Hecho,https://www.yelp.com/biz/hecho-seattle-2?osq=Restaurants
Pike Place Chowder,https://www.yelp.com/biz/pike-place-chowder-seattle?osq=Restaurants
The Pink Door,https://www.yelp.com/biz/the-pink-door-seattle-4?osq=Restaurants
Paseo Caribbean Food - Fremont,https://www.yelp.com/biz/paseo-caribbean-food-fremont-seattle-2?osq=Restaurants
Toulouse Petit Kitchen & Lounge,https://www.yelp.com/biz/toulouse-petit-kitchen-and-lounge-seattle?osq=Restaurants
List,https://www.yelp.com/biz/list-seattle?osq=Restaurants
Tilikum Place Cafe,https://www.yelp.com/biz/tilikum-place-cafe-seattle-3?osq=Restaurants
Lola,https://www.yelp.com/biz/lola-seattle?osq=Restaurants
Radiator Whiskey,https://www.yelp.com/biz/radiator-whiskey-seattle?osq=Restaurants
Biscuit Bitch,https://www.yelp.com/biz/biscuit-bitch-seattle-5?osq=Restaurants
Serious Pie,https://www.yelp.com/biz/serious-pie-seattle?osq=Restaurants
Japonessa,https://www.yelp.com/biz/japonessa-seattle-3?osq=Restaurants
Piroshky Piroshky,https://www.yelp.com/biz/piroshky-piroshky-seattle?osq=Restaurants
Elliott’s Oyster House,https://www.yelp.com/biz/elliotts-oyster-house-seattle-2?osq=Restaurants
Revel,https://www.yelp.com/biz/revel-seattle?osq=Restaurants
Chan Seattle,https://www.yelp.com/biz/chan-seattle-seattle-2?osq=Restaurants
Local 360,https://www.yelp.com/biz/local-360-seattle-2?osq=Restaurants
A + Hong Kong Kitchen,https://www.yelp.com/biz/a-hong-kong-kitchen-seattle?osq=Restaurants
Chi Mac,https://www.yelp.com/biz/chi-mac-seattle?osq=Restaurants
Marination Ma Kai,https://www.yelp.com/biz/marination-ma-kai-seattle?frvs=True&osq=Restaurants
Il Corvo Pasta,https://www.yelp.com/biz/il-corvo-pasta-seattle?osq=Restaurants
The Walrus and the Carpenter,https://www.yelp.com/biz/the-walrus-and-the-carpenter-seattle?frvs=True&osq=Restaurants
SWeL,https://www.yelp.com/biz/swel-seattle?frvs=True&osq=Restaurants
Umi Sake House,https://www.yelp.com/biz/umi-sake-house-seattle?frvs=True&osq=Restaurants
Ramen Danbo,https://www.yelp.com/biz/ramen-danbo-seattle-2?osq=Restaurants
Witness,https://www.yelp.com/biz/witness-seattle?frvs=True&osq=Restaurants
Shiro’s,https://www.yelp.com/biz/shiros-seattle?frvs=True&osq=Restaurants
The Crumpet Shop,https://www.yelp.com/biz/the-crumpet-shop-seattle?osq=Restaurants
Din Tai Fung,https://www.yelp.com/biz/din-tai-fung-seattle-14?osq=Restaurants
Manolin,https://www.yelp.com/biz/manolin-seattle?osq=Restaurants
Some Random Bar,https://www.yelp.com/biz/some-random-bar-seattle?osq=Restaurants
Quinn’s,https://www.yelp.com/biz/quinns-seattle?osq=Restaurants
Cook Weaver,https://www.yelp.com/biz/cook-weaver-seattle-2?osq=Restaurants
Serious Pie & Biscuit,https://www.yelp.com/biz/serious-pie-and-biscuit-seattle-6?osq=Restaurants
Tsukushinbo,https://www.yelp.com/biz/tsukushinbo-seattle?osq=Restaurants
Zig Zag Cafe,https://www.yelp.com/biz/zig-zag-cafe-seattle-2?osq=Restaurants
Nue,https://www.yelp.com/biz/nue-seattle?osq=Restaurants
Bongos,https://www.yelp.com/biz/bongos-seattle?osq=Restaurants
Pop Pop Thai Street Food,https://www.yelp.com/biz/pop-pop-thai-street-food-seattle-8?osq=Restaurants
Lecōsho,https://www.yelp.com/biz/lec%C5%8Dsho-seattle-2?osq=Restaurants
Harbor City Restaurant,https://www.yelp.com/biz/harbor-city-restaurant-seattle?osq=Restaurants
Palisade,https://www.yelp.com/biz/palisade-seattle?osq=Restaurants
Xi’an Noodles,https://www.yelp.com/biz/xian-noodles-seattle-2?osq=Restaurants
Damn the Weather,https://www.yelp.com/biz/damn-the-weather-seattle?osq=Restaurants
Canlis,https://www.yelp.com/biz/canlis-seattle?osq=Restaurants
How To Cook a Wolf,https://www.yelp.com/biz/how-to-cook-a-wolf-seattle?osq=Restaurants
Cascina Spinasse,https://www.yelp.com/biz/cascina-spinasse-seattle?osq=Restaurants
Salumi Artisan Cured Meats,https://www.yelp.com/biz/salumi-artisan-cured-meats-seattle-2?osq=Restaurants
Itto’s Tapas,https://www.yelp.com/biz/ittos-tapas-seattle?osq=Restaurants
kiin kiin,https://www.yelp.com/biz/kiin-kiin-seattle?osq=Restaurants
Island Soul Restaurant,https://www.yelp.com/biz/island-soul-restaurant-seattle-2?osq=Restaurants
Joule,https://www.yelp.com/biz/joule-seattle?osq=Restaurants
Morsel,https://www.yelp.com/biz/morsel-seattle?osq=Restaurants
Kona Kitchen,https://www.yelp.com/biz/kona-kitchen-seattle?osq=Restaurants
FOB Poke Bar,https://www.yelp.com/biz/fob-poke-bar-seattle-2?osq=Restaurants
Barbecue Smith,https://www.yelp.com/biz/barbecue-smith-seattle?osq=Restaurants
Metropolitan Grill,https://www.yelp.com/biz/metropolitan-grill-seattle?osq=Restaurants
Mike’s Noodle House,https://www.yelp.com/biz/mikes-noodle-house-seattle?osq=Restaurants
Ma’ono,https://www.yelp.com/biz/maono-seattle?osq=Restaurants
Art of The Table,https://www.yelp.com/biz/art-of-the-table-seattle?osq=Restaurants
Six Seven,https://www.yelp.com/biz/six-seven-restaurant-and-lounge-seattle-2?osq=Restaurants
8oz Burger & Co,https://www.yelp.com/biz/8oz-burger-and-co-seattle?osq=Restaurants
Skillet Capitol Hill,https://www.yelp.com/biz/skillet-capitol-hill-seattle-2?osq=Restaurants
Dough Zone Dumpling House,https://www.yelp.com/biz/dough-zone-dumpling-house-seattle-2?osq=Restaurants
Phorale,https://www.yelp.com/biz/phorale-seattle?osq=Restaurants
Salty’s on Alki Beach,https://www.yelp.com/biz/saltys-on-alki-beach-seattle-5?osq=Restaurants
Von’s 1000 Spirits,https://www.yelp.com/biz/vons-1000-spirits-seattle-4?osq=Restaurants
Zheng Cafe,https://www.yelp.com/biz/zheng-cafe-seattle-2?osq=Restaurants
Kauai Family Restaurant,https://www.yelp.com/biz/kauai-family-restaurant-seattle?osq=Restaurants
RockCreek Seafood & Spirits,https://www.yelp.com/biz/rockcreek-seafood-and-spirits-seattle?osq=Restaurants
Le Panier French Bakery,https://www.yelp.com/biz/le-panier-french-bakery-seattle?osq=Restaurants
Dahlia Lounge,https://www.yelp.com/biz/dahlia-lounge-seattle?osq=Restaurants
Copine,https://www.yelp.com/biz/copine-seattle?osq=Restaurants
Shaker and Spear,https://www.yelp.com/biz/shaker-and-spear-seattle-2?osq=Restaurants
Kedai Makan,https://www.yelp.com/biz/kedai-makan-seattle-4?osq=Restaurants
Karaage Setsuna,https://www.yelp.com/biz/karaage-setsuna-seattle?osq=Restaurants
Cask & Trotter,https://www.yelp.com/biz/cask-and-trotter-seattle-2?osq=Restaurants
Park Place,https://www.yelp.com/biz/park-place-seattle-3?osq=Restaurants
Meet the Moon,https://www.yelp.com/biz/meet-the-moon-seattle?osq=Restaurants
Beecher’s Handmade Cheese,https://www.yelp.com/biz/beechers-handmade-cheese-seattle?osq=Restaurants
Umma’s Lunch Box,https://www.yelp.com/biz/ummas-lunch-box-seattle?osq=Restaurants
Altura,https://www.yelp.com/biz/altura-seattle?osq=Restaurants
5 Spot,https://www.yelp.com/biz/5-spot-seattle?osq=Restaurants
Black Bottle,https://www.yelp.com/biz/black-bottle-seattle-2?osq=Restaurants
Pestle Rock,https://www.yelp.com/biz/pestle-rock-seattle?osq=Restaurants
Portage Bay Café,https://www.yelp.com/biz/portage-bay-caf%C3%A9-seattle-12?osq=Restaurants
Pomodoro,https://www.yelp.com/biz/pomodoro-seattle?osq=Restaurants
Aglio e Olio,https://www.yelp.com/biz/aglio-e-olio-seattle?osq=Restaurants
Tavolata,https://www.yelp.com/biz/tavolata-seattle?osq=Restaurants
Barolo Ristorante,https://www.yelp.com/biz/barolo-ristorante-seattle?osq=Restaurants
Italian Family Pizza,https://www.yelp.com/biz/italian-family-pizza-seattle?osq=Restaurants
Orfeo,https://www.yelp.com/biz/orfeo-seattle?osq=Restaurants
Intermezzo Carmine,https://www.yelp.com/biz/intermezzo-carmine-seattle-2?osq=Restaurants
Staple & Fancy Mercantile,https://www.yelp.com/biz/staple-and-fancy-mercantile-seattle?osq=Restaurants
Bizzarro Italian Cafe,https://www.yelp.com/biz/bizzarro-italian-cafe-seattle-3?osq=Restaurants
La Rustica,https://www.yelp.com/biz/la-rustica-seattle?osq=Restaurants
The Zouave Restaurant,https://www.yelp.com/biz/the-zouave-restaurant-seattle?osq=Restaurants
Vendemmia,https://www.yelp.com/biz/vendemmia-seattle?osq=Restaurants
Serafina,https://www.yelp.com/biz/serafina-seattle?osq=Restaurants
Bar Del Corso,https://www.yelp.com/biz/bar-del-corso-seattle?osq=Restaurants
Westcity Sardine Kitchen,https://www.yelp.com/biz/westcity-sardine-kitchen-seattle?osq=Restaurants
Ristorante Machiavelli,https://www.yelp.com/biz/ristorante-machiavelli-seattle-2?osq=Restaurants
Dueminuti Healthy Pasta,https://www.yelp.com/biz/dueminuti-healthy-pasta-seattle?osq=Restaurants
Tulio,https://www.yelp.com/biz/tulio-seattle?osq=Restaurants
Joli,https://www.yelp.com/biz/joli-seattle?osq=Restaurants
Il Terrazzo Carmine,https://www.yelp.com/biz/il-terrazzo-carmine-seattle?osq=Restaurants
Mioposto,https://www.yelp.com/biz/mioposto-seattle-7?osq=Restaurants
Pizzeria Credo,https://www.yelp.com/biz/pizzeria-credo-seattle?osq=Restaurants
Vito’s,https://www.yelp.com/biz/vitos-seattle?osq=Restaurants
Bar Cantinetta,https://www.yelp.com/biz/bar-cantinetta-seattle?osq=Restaurants
Che Sara Sara,https://www.yelp.com/biz/che-sara-sara-seattle?osq=Restaurants
Mondello Ristorante Italiano,https://www.yelp.com/biz/mondello-ristorante-italiano-seattle-2?osq=Restaurants
Raccolto,https://www.yelp.com/biz/raccolto-seattle?osq=Restaurants
Mioposto - Bryant,https://www.yelp.com/biz/mioposto-bryant-seattle?osq=Restaurants
LoPriore Bros Pasta Bar,https://www.yelp.com/biz/lopriore-bros-pasta-bar-seattle?osq=Restaurants
Pizzeria Pulcinella,https://www.yelp.com/biz/pizzeria-pulcinella-seattle-2?osq=Restaurants
Tavolàta,https://www.yelp.com/biz/tavol%C3%A0ta-seattle-5?osq=Restaurants
Tutta Bella Neapolitan Pizzeria - Columbia City,https://www.yelp.com/biz/tutta-bella-neapolitan-pizzeria-columbia-city-seattle?osq=Restaurants
San Fermo,https://www.yelp.com/biz/san-fermo-seattle?osq=Restaurants
Radici,https://www.yelp.com/biz/radici-seattle?osq=Restaurants
Tutta Bella Neapolitan Pizzeria - Wallingford,https://www.yelp.com/biz/tutta-bella-neapolitan-pizzeria-wallingford-seattle?osq=Restaurants
That’s Amore! Italian Cafe,https://www.yelp.com/biz/thats-amore-italian-cafe-seattle?osq=Restaurants
Ada’s Restaurant & Bar,https://www.yelp.com/biz/adas-restaurant-and-bar-seattle?osq=Restaurants
Bar Cotto,https://www.yelp.com/biz/bar-cotto-seattle?osq=Restaurants
The Independent Pizzeria,https://www.yelp.com/biz/the-independent-pizzeria-seattle-2?osq=Restaurants
Holy Cannoli,https://www.yelp.com/biz/holy-cannoli-seattle?osq=Restaurants
Little Lago,https://www.yelp.com/biz/little-lago-seattle?osq=Restaurants
Cantinetta,https://www.yelp.com/biz/cantinetta-seattle?osq=Restaurants
Pizzuto’s,https://www.yelp.com/biz/pizzutos-seattle?osq=Restaurants
Cinque Terre Ristorante,https://www.yelp.com/biz/cinque-terre-ristorante-seattle?osq=Restaurants
Daddy G’s,https://www.yelp.com/biz/daddy-gs-seattle-2?osq=Restaurants
Saltoro,https://www.yelp.com/biz/saltoro-seattle?osq=Restaurants
La Fontana Siciliana,https://www.yelp.com/biz/la-fontana-siciliana-seattle?osq=Restaurants
Via Tribunali,https://www.yelp.com/biz/via-tribunali-seattle-5?osq=Restaurants
La Medusa,https://www.yelp.com/biz/la-medusa-seattle?osq=Restaurants
Brunello Ristorante,https://www.yelp.com/biz/brunello-ristorante-seattle?osq=Restaurants
Princi,https://www.yelp.com/biz/princi-seattle-5?osq=Restaurants
Pasta Bella,https://www.yelp.com/biz/pasta-bella-seattle?osq=Restaurants
Cafe Lago,https://www.yelp.com/biz/cafe-lago-seattle?osq=Restaurants
Artusi,https://www.yelp.com/biz/artusi-seattle?osq=Restaurants
Tutta Bella Neapolitan Pizzeria - South Lake Union,https://www.yelp.com/biz/tutta-bella-neapolitan-pizzeria-south-lake-union-seattle?osq=Restaurants
Perché No Pasta & Vino,https://www.yelp.com/biz/perch%C3%A9-no-pasta-and-vino-seattle-4?osq=Restaurants
Stellar Pizza & Ale,https://www.yelp.com/biz/stellar-pizza-and-ale-seattle?osq=Restaurants
Ristorante Picolinos,https://www.yelp.com/biz/ristorante-picolinos-seattle?osq=Restaurants
Pizzeria 88,https://www.yelp.com/biz/pizzeria-88-seattle?osq=Restaurants
Via Tribunali - Capitol Hill,https://www.yelp.com/biz/via-tribunali-capitol-hill-seattle?osq=Restaurants
Cafe Bengodi,https://www.yelp.com/biz/cafe-bengodi-seattle-4?osq=Restaurants
Luigi’s Italian Eatery,https://www.yelp.com/biz/luigis-italian-eatery-seattle-2?osq=Restaurants
Mamma Melina Ristorante + Pizzeria,https://www.yelp.com/biz/mamma-melina-ristorante-pizzeria-seattle?osq=Restaurants
Napoli Pizzeria,https://www.yelp.com/biz/napoli-pizzeria-seattle?osq=Restaurants
Piatti,https://www.yelp.com/biz/piatti-seattle?osq=Restaurants
SODO Deli,https://www.yelp.com/biz/sodo-deli-seattle?osq=Restaurants
Pasta & Co,https://www.yelp.com/biz/pasta-and-co-seattle-3?osq=Restaurants
IL Bistro,https://www.yelp.com/biz/il-bistro-seattle?osq=Restaurants
Pizzeria 22,https://www.yelp.com/biz/pizzeria-22-seattle?osq=Restaurants
Cornuto Pizzeria,https://www.yelp.com/biz/cornuto-pizzeria-seattle?osq=Restaurants
Salvatore Ristorante,https://www.yelp.com/biz/salvatore-ristorante-seattle?osq=Restaurants
Pegasus Pizza,https://www.yelp.com/biz/pegasus-pizza-seattle?osq=Restaurants
Palermo-Ballard,https://www.yelp.com/biz/palermo-ballard-seattle?osq=Restaurants
Il Fornaio,https://www.yelp.com/biz/il-fornaio-seattle?osq=Restaurants
Patxi’s Pizza,https://www.yelp.com/biz/patxis-pizza-seattle?osq=Restaurants
Veraci Pizza,https://www.yelp.com/biz/veraci-pizza-seattle-3?osq=Restaurants
Cuoco,https://www.yelp.com/biz/cuoco-seattle?osq=Restaurants
Modena Pizza & Pasta,https://www.yelp.com/biz/modena-pizza-and-pasta-seattle?osq=Restaurants
Zaccagni’s,https://www.yelp.com/biz/zaccagnis-seattle-2?osq=Restaurants
La Vita E Bella,https://www.yelp.com/biz/la-vita-e-bella-seattle-7?osq=Restaurants
Varlamos Pizzeria,https://www.yelp.com/biz/varlamos-pizzeria-seattle?osq=Restaurants
Agrodolce,https://www.yelp.com/biz/agrodolce-seattle?osq=Restaurants
Volterra,https://www.yelp.com/biz/volterra-seattle?osq=Restaurants
Olympic Pizza & Pasta,https://www.yelp.com/biz/olympic-pizza-and-pasta-seattle?osq=Restaurants
Via Rosa 11,https://www.yelp.com/biz/via-rosa-11-bainbridge-island?osq=Restaurants
Osteria la Spiga,https://www.yelp.com/biz/osteria-la-spiga-seattle?osq=Restaurants
Mama Stortini’s Restaurant and Bar - Seattle,https://www.yelp.com/biz/mama-stortinis-restaurant-and-bar-seattle-seattle?osq=Restaurants
